Test Case,Input,Expected Output,Actual Output,Metric Score,Reason for Metric Score,Correctness Metric Score,Reason for Correctness Score,Contextual Metric Score,Reason for Contextual Score,Faithfulness Metric Score,Reason for Faithfulness Score,Contextual Precision Score,Reason for Contextual Precision Score,Retrieval Utilization Score,Reason for Retrieval Utilization Score,Elapsed Time (s)
1,Co należy zrobić z plasterkami z pomiarów geometrycznych produkowanych izolacji?,"## Instrukcja postępowania z plasterkami z pomiarów geometrycznych izolacji **1. Pozostawienie do wglądu:** * Zgodnie z poleceniem Wydziału TPŚ Bydgoszcz z dnia 14.08.2014, plasterki z pomiarów geometrycznych izolacji należy pozostawić do wglądu. * Celem tego działania jest umożliwienie porównania plasterków z wynikami pomiarów próbek przekazywanych do kontroli jakości. * Pozostawione plasterki pomogą w znalezieniu ewentualnych przyczyn rozbieżności w pomiarach wykonywanych na wydziale i w kontroli jakości. **2. Oznaczenie:** * Każdy plaster należy opisać, umieszczając na nim: * numer przewodnika * zapis z którego końca została pobrana (k.w. koniec wewnętrzny, k.z. koniec zewnętrzny, zaj. zajazd, zatrz. zatrzymanie) * Przykład: 7/123 k.w. **3. Przechowywanie:** * Plasterki należy odkładać na specjalnie wyznaczonym dla tego stojaku. * W momencie zapełnienia stojaka, należy usuwać plasterki najstarsze. **4. Utylizacja:** * Nie ma szczegółowych instrukcji dotyczących utylizacji plasterków. * W przypadku braku miejsca na stojaku, należy usuwać plasterki najstarsze. **5. Wykorzystanie w dalszych procesach:** * Plasterki mogą służyć do: * porównania z wynikami pomiarów próbek przekazywanych do kontroli jakości * znalezienia ewentualnych przyczyn rozbieżności w pomiarach wykonywanych na wydziale i w kontroli jakości **Dodatkowe informacje:** * Szczegółowe informacje na temat wycinania plasterków izolacji do pomiarów można znaleźć w instrukcji ""IW-3-012-4 Instrukcja_Kontrola i nadzorowanie jako¶ci wytłaczanej izolacji XLPE"". * Dokument ""Krótka lekcja - wycinanie plasterków"" zawiera informacje na temat prawidłowego wycinania plasterków izolacji. **Uwaga:** * W przypadku wątpliwości lub pytań, należy skontaktować się z Wydziałem TPŚ Bydgoszcz.","Nie mam informacji na temat postępowania z plasterkami z pomiarów geometrycznych produkowanych izolacji. Upewnij się, że pytasz o właściwy dział. Jeśli masz inne pytania dotyczące produkcji w TF Kable, postaram się pomóc na podstawie dostępnej mi dokumentacji.
",1.0,The score is 1.00 because the response is perfectly relevant and doesn't contain any irrelevant information. Great job!,0.1,"The actual output indicates a lack of information on the specific process. This is a hallucination, as the expected output offers detailed instructions.",1.0,The score is 1.00 because all provided statements directly address the input question about what to do with slices from geometric measurements of insulation production.,1.0,The score is 1.00 because there are no contradictions! Looks like the actual output is perfectly aligned with the retrieval context. Great job!,1.0,"The score is 1.00 because all retrieval contexts are relevant! The first node directly addresses the question about ""plasterków z pomiarów geometrycznych produkowanych izolacji"", detailing what to do with them, such as ""pozostawianie do wglądu"" and ""odkładać na specjalnie wyznaczonym dla tego stojaku"".",0.2,The actual output indicates a lack of information regarding the question. It fails to provide any instructions found in the expected output or use any of the relevant information from the retrieval context.,7.092233657836914
2,co to jest system MHT,## System MHT w kontekście produkcji kabli**System transportu materiałów MHT jest to system wykorzystywany do ciągłego i systematycznego usuwania zanieczyszczeń z materiału XLPE przenoszonego podczas procesu produkcyjnego na liniach CCV.,"Brak informacji na temat systemu MHT w dostarczonych materiałach.  Nie mogę udzielić odpowiedzi na to pytanie.
",1.0,"The score is 1.00 because there are no irrelevant statements, indicating a perfectly relevant response!",0.0,"The actual output states that there is no information on the MHT system, while the expected output provides a definition within the context of cable production, thus, the actual output deviates from the expected.",0.625,"The score is 0.62 because while the context includes relevant information such as ""MHT stands for Material Handling System"" and describes its basic elements, it also contains irrelevant details like ""On the image there is a document page, with the logo of TF Kable..."" which detract from the overall relevancy.",0.0,"The score is 0.00 because the actual output fails to mention ""Operating and Maintenance Instruction of MHT Material Handling Systems"" despite it being a key element in the retrieval context.",1.0,The score is 1.00 because all retrieval contexts are relevant and the system retrieved the relevant node in the first rank! Awesome!,0.2,"The Actual Output states it lacks information, despite the Retrieval Context containing relevant information about the MHT system, specifically that it's used for material handling and removing impurities, similar to the Expected Output.",6.3795387744903564
3,Jak połączyć żyły robocze?,"## Instrukcja: Jak połączyć żyły robocze w procesie produkcyjnym? **1. Zidentyfikuj typ żył roboczych, które chcesz połączyć.** * Sprawdź oznaczenie na żyłach lub w dokumentacji technicznej. * Typ żyły ma wpływ na wybór metody łączenia. **2. Wybierz odpowiednią metodę łączenia.** * **Zgrzewanie doczołowe:** stosowane dla żył typu RM, wymaga szczególnej uwagi, aby uniknąć zapadnięć. * **Zgrzewanie doczołowe z tuleją:** stosowane dla żył typu RM, zapewnia większą wytrzymałość połączenia. * **Zgrzewanie doczołowe z tuleją i wkładką:** stosowane dla żył typu RM, zapewnia jeszcze większą wytrzymałość i odporność na korozję. * **Zgrzewanie doczołowe z tuleją i wkładką oraz uszczelnieniem:** stosowane dla żył typu RM, zapewnia najwyższą jakość połączenia i odporność na warunki atmosferyczne. * **Zgrzewanie doczołowe z tuleją i wkładką oraz uszczelnieniem i ekranem:** stosowane dla żył typu RM, zapewnia najwyższą jakość połączenia i odporność na warunki atmosferyczne oraz zakłócenia elektromagnetyczne. * **Zgrzewanie doczołowe z tuleją i wkładką oraz uszczelnieniem i ekranem i uziemieniem:** stosowane dla żył typu RM, zapewnia najwyższą jakość połączenia i odporność na warunki atmosferyczne, zakłócenia elektromagnetyczne oraz zapewnia uziemienie. **3. Przygotuj żyły do łączenia.** * Oczyść powierzchnie żył z zanieczyszczeń i utlenienia. * Upewnij się, że żyły są prawidłowo ułożone i wyrównane. **4. Wykonaj połączenie zgodnie z wybraną metodą.** * Użyj odpowiedniego sprzętu i narzędzi. * Przestrzegaj instrukcji obsługi sprzętu. * Sprawdź jakość połączenia. **5. Zabezpiecz połączenie.** * Zabezpiecz połączenie przed korozją i uszkodzeniami mechanicznymi. * Użyj odpowiednich materiałów izolacyjnych. **6. Sprawdź połączenie.** * Przeprowadź test ciągłości połączenia. * Sprawdź szczelność połączenia (jeśli dotyczy). **7. Dokonaj wpisu w dokumentacji.** * Zarejestruj wykonanie połączenia w odpowiedniej dokumentacji. * Podaj datę, godzinę, typ połączenia, użyte materiały i sprzęt. **Uwaga:** * Pamiętaj o zachowaniu bezpieczeństwa podczas pracy. * Używaj odpowiednich środków ochrony osobistej. * W razie wątpliwości skonsultuj się z doświadczonym pracownikiem lub przełożonym. **Dodatkowe informacje:** * Instrukcje IW-3-013 i IW-3-094 zawierają szczegółowe informacje na temat wymiany materiału na liniach wyposażonych w komory. * Zachowanie wysokiej czystości materiału izolacyjnego ma główny wpływ na jakość kabla. **Pamiętaj:** * Dokładne przestrzeganie instrukcji zapewni wysoką jakość połączenia i bezpieczeństwo pracy. * W razie wątpliwości skonsultuj się z doświadczonym pracownikiem lub przełożonym.","Brak informacji w dostarczonych materiałach na temat łączenia żył roboczych.  Skontaktuj się z przełożonym lub innym pracownikiem, aby uzyskać niezbędne instrukcje.
",1.0,"The score is 1.00 because there are no irrelevant statements in the output, indicating perfect alignment with the user's query! Great job!",0.1,The actual output states a lack of information while the expected output contains detailed instructions. The response fails to provide any relevant information related to the question.,0.5294117647058824,"The score is 0.53 because while the document contains instructions on ""Łączenie żyły roboczej na tzw. „Tulejkę”"" and describes the process of ""łączenia żyły roboczej na tulejkę"", much of the surrounding context is irrelevant, such as the functions of buttons like 'TUBE HEAT' and 'END SEAL' which are not related to connecting wires.",0.5,"The score is 0.50 because the actual output contradicts the retrieval context by not mentioning anything about the process of connecting the working wire to the ""Sleeve"", as the retrieval context clearly states the document describes this process.",1.0,"The score is 1.00 because all retrieval contexts are relevant and ranked appropriately, indicating a perfect retrieval performance. That's great!",0.1,The actual output states a lack of information despite the retrieval context containing instructions and diagrams on how to connect the wires. It advises contacting a supervisor instead.,6.73364782333374
4,jak działa wytłaczarka ?,"""## Jak działa wytłaczarka: **charakterystyka procesu wytłaczania* Uplastycznienie tworzyw termoplastycznych zachodzi pod wpływem temperatury i czynników mechanicznych. Proces ten odbywa się w cylindrze wytłaczarek. Do leja (1) ogrzanej wytłaczarki wsypuje się zgranulowane tworzywo termoplastyczne, które w cylindrze wytłaczarki przesuwane jest przy pomocy ślimaka przez poszczególne strefy wytłaczania: strefę zasilania (2), sprężania (3) oraz dozowania (4) w kierunku głowicy i ustnika formującego. W czasie przesuwania tworzywa w cylindrze wytłaczarki ślimak obracając się miesza je intensywnie oraz uplastycznia pod wpływem ciepła doprowadzonego z cylindra oraz wytworzonego na skutek wewnętrznego tarcia w tworzywie. Cylinder posiada kilka stref grzejnych, przy czym z reguły zakresy temperatur najniższe są w strefie zasilania i rosną w dalszych strefach. W trakcie przesuwania tworzywa w cylindrze powstaje ciśnienie wzdłuż całej długości ślimaka, które jest zależne od jego konstrukcji tzn. profilu, głębokości kanałów i szybkości obrotów. Tworzywo przesuwane cylindrem w stronę głowicy zostaje całkowicie uplastycznione i wstępnie uformowane. Ostateczny kształt nadaje tworzywu ustnik. Podstawą wytłaczania tworzyw o dobrej jakości jest prawidłowe dobranie temperatur wytłaczania. Temperatury wytłaczania w poszczególnych strefach powinny mieścić się w zakresie temperatur przewidzianych dla poszczególnych gatunków tworzywa i poszczególnych maszyn wg tabel zamieszczonych w punkcie 6.11. Właściwą temperaturę wytłaczania charakteryzuje powierzchnia wytłaczanego tworzywa – gładka bez porów i zgrubień. Przy zbyt dużej płynności tworzywa i gazowaniu należy obniżyć temperatury wytłaczania w zakresie dopuszczalnym. Chropowata powierzchnia świadczy o tym, że temperatury wytłaczania są za niskie, w związku z czym należy je podwyższyć do dopuszczalnego zakresu temperatur. W uzasadnionych przypadkach dopuszcza się możliwość zmiany temperatury wykraczającej poza zakres podany w punkcie 6.11 decyzją technologa wydziałowego lub w przypadku jego nieobecności pracownika dozoru, ale fakt taki musi zostać odnotowany w książce maszynowej.""","Niestety, dostarczony kontekst nie zawiera informacji na temat działania wytłaczarki.  Skontaktuj się z przełożonym lub innym pracownikiem, który może udzielić Ci niezbędnych informacji.
",0.3333333333333333,"The score is 0.33 because the output includes irrelevant suggestions about contacting supervisors or other employees, which are unrelated to explaining the workings of an extruder.",0.1,"The actual output states that it doesn't have the information on how an extruder works, failing to provide the detailed explanation present in the expected output.",0.56,"The score is 0.56 because while some statements describe the process of extrusion, stating that ""Uplastycznienie tworzyw termoplastycznych zachodzi pod wpływem temperatury i czynników mechanicznych. Proces ten odbywa się w cylindrze wytłaczarek"" and ""W czasie przesuwania tworzywa w cylindrze wytłaczarki ślimak obracając się miesza je intensywnie oraz uplastycznia pod wpływem ciepła doprowadzonego z cylindra"", many other irrelevant statements are included such as ""This statement is irrelevant as it refers to document version control and not how an extruder works.""",1.0,"The score is 1.00 because there are no contradictions, indicating the actual output perfectly aligns with the retrieval context! Excellent!",1.0,"The score is 1.00 because all retrieval contexts are relevant and the nodes are ranked perfectly, so the retriever is doing a fantastic job!",0.0,"The actual output fails to utilize the provided context to explain how an wytłaczarka works, instead stating that it lacks the information, thus deviating significantly from the expected output which details the process.",6.9885478019714355
5,co wpisywać do książek maszynowych,"## Procedura wpisywania danych do książek maszynowych dla każdego z działów produkcyjnych: ### I. Książki ewidencji produkcji na wytłaczarkach powłokowych **Rubryki:** * **Data:** data rozpoczęcia zmiany * **Zmiana:** numer zmiany (I, II, III) * **Obsługa:** skład osobowy pracujący na maszynie w danym dniu na zmianie * **Typ, Przekrój, Zlecenie:** typ, przekrój żyły roboczej i powrotnej, napięcie, numer zlecenia, odbiorca produkowanego kabla (informacje z planu dobowego) * **Kolejny numer wpisu:** kolejny numer identyfikujący dane dotyczące produkowanego odcinka * **Operacja kolor powłoki:** nazwa operacji (np. wytłaczanie izolacji, powłoki) i kolor powłoki * **Numer przewodnika operacji:** numer karty informacyjnej (z poprzedniej operacji lub nowa karta) * **Numer bębna zdającego:** numer bębna, na który nawijany jest kabel * **Numer bębna odbierającego:** numer bębna, z którego pobierany jest materiał * **Metry:** metry początkowe i końcowe odcinka * **Wyniki pomiarów:** średnica ośrodka, średnica zewnętrzna, średnica drutów (wydruk z mikrometru) * **Uwagi:** wszelkie uwagi dotyczące procesu produkcyjnego * **Podpis:** czytelny podpis osoby dokonującej wpisu **Procedura:** 1. Wpisać datę, zmianę, obsługę, typ, przekrój, zlecenie, kolejny numer wpisu, operację, kolor powłoki, numer przewodnika operacji, numery bębnów i metry. 2. Wpisać wyniki pomiarów i ewentualne uwagi. 3. Podpisać się czytelnie. ### II. Książki ewidencji produkcji na liniach ekranujących **Rubryki:** * **Data:** data rozpoczęcia zmiany * **Zmiana:** numer zmiany (I, II, III) * **Obsługa:** skład osobowy pracujący na maszynie w danym dniu na zmianie * **Typ, Przekrój, Zlecenie:** typ, przekrój żyły roboczej i powrotnej, napięcie, numer zlecenia, odbiorca produkowanego kabla (informacje z planu dobowego) * **Kolejny numer wpisu:** kolejny numer identyfikujący dane dotyczące produkowanego odcinka * **Operacja kolor powłoki:** nazwa operacji (np. ekranowanie) i kolor powłoki * **Numer przewodnika operacji:** numer karty informacyjnej (z poprzedniej operacji lub nowa karta) * **Numer bębna zdającego:** numer bębna, na który nawijany jest kabel * **Numer bębna odbierającego:** numer bębna, z którego pobierany jest materiał * **Metry:** metry początkowe i końcowe odcinka * **Wyniki pomiarów:** średnica ośrodka, średnica zewnętrzna, średnica drutów (wydruk z mikrometru) * **Uwagi:** wszelkie uwagi dotyczące procesu produkcyjnego * **Podpis:** czytelny podpis osoby dokonującej wpisu **Procedura:** 1. Wpisać datę, zmianę, obsługę, typ, przekrój, zlecenie, kolejny numer wpisu, operację, kolor powłoki, numer przewodnika operacji, numery bębnów i metry. 2. Wpisać wyniki pomiarów i ewentualne uwagi. 3. Podpisać się czytelnie. ### III. Książki ewidencji produkcji na liniach izolacyjnych **Rubryki:** * **Data:** data rozpoczęcia zmiany * **Zmiana:** numer zmiany (I, II, III) * **Obsługa:** skład osobowy pracujący na maszynie w danym dniu na zmianie * **Typ, Przekrój, Zlecenie:** typ, przekrój żyły roboczej i powrotnej, napięcie, numer zlecenia, odbiorca produkowanego kabla (informacje z planu dobowego) * **Kolejny numer wpisu:** kolejny numer identyfikujący dane dotyczące produkowanego odcinka * **Operacja kolor powłoki:** nazwa operacji (np. izolacja) i kolor powłoki * **Numer przewodnika operacji:** numer karty informacyjnej (z poprzedniej operacji lub nowa karta) * **Numer bębna zdającego:** numer bębna, na który nawijany jest kabel * **Numer bębna odbierającego:** numer bębna, z którego pobierany jest materiał * **Metry:** metry początkowe i końcowe odcinka * **Wyniki pomiarów:** średnica ośrodka, średnica zewnętrzna, średnica drutów (wydruk z mikrometru) * **Uwagi:** wszelkie uwagi dotyczące procesu produkcyjnego * **Podpis:** czytelny podpis osoby dokonującej wpisu **Procedura:** 1. Wpisać datę, zmianę, obsługę, typ, przekrój, zlecenie, kolejny numer wpisu, operację, kolor powłoki, numer przewodnika operacji, numery bębnów i metry. 2. Wpisać wyniki pomiarów i ewentualne uwagi. 3. Podpisać się czytelnie. ### IV. Książki ewidencji produkcji na szp","Niestety, dostarczone materiały nie zawierają informacji na temat tego, co wpisywać do książek maszynowych. Skontaktuj się z przełożonym lub innym upoważnionym pracownikiem TF Kable, aby uzyskać szczegółowe instrukcje dotyczące wypełniania książek maszynowych.
",1.0,The score is 1.00 because the response is perfectly relevant and doesn't contain any irrelevant information! Great job!,0.0,"The actual output fails to provide any of the information contained in the expected output, instead stating it doesn't have the information and to contact a supervisor.",0.39285714285714285,"The score is 0.39 because while the context mentions what machine books are for and types of machine books ( ""Książki ewidencji produkcji „Książki Maszynowe” służą do pisemnego przekazywania informacji o przebiegu procesu produkcyjnego"", ""Na Wydziale TPŚ prowadzone jest 5 typów książek maszynowych""), it mostly contains irrelevant information such as document layouts and responsibilities. Relevant information exists, such as required content: ""czterocyfrowy numer maszyny...nazwa i typ wyrobu lub półwyrobu; wyniki pomiaru parametrów wejściowych wyrobu"", which partially addresses the input question.",0.5,"The score is 0.50 because the actual output does not include all the required information for the machine book as stated in the retrieval context. Specifically, it is missing details like the four-digit machine number, name and type of product, results of measuring input parameters, names of raw materials, results of measuring output parameters, drum number/drum size, length of the section made, identified non-conformities or a compliant record, and the date of production. ",1.0,"The score is 1.00 because the relevant node is ranked first, which is perfect!",0.1,"The actual output fails to provide the requested information on what to enter into machine books, instead suggesting contacting a supervisor, while the expected output details procedures and rubrics for different production departments, all of which are included in the retrieval context.",6.6626152992248535
6,jak działa ogrzewanie wytłaczarki,"## Instrukcja ogrzewania wytłaczarki: **1. Włącz zasilanie wytłaczarki.** **2. Uruchom ogrzewanie cylindra i głowicy.** **3. Ustaw regulatory temperatury na wartości przewidziane dla danego tworzywa.** Wartości te znajdziesz w tabeli zamieszczonej w punkcie 6.11 instrukcji. **4. Odczekaj około 10 minut, aż poszczególne strefy grzewcze osiągną zadane temperatury.** **5. Uruchom ślimak na najniższych obrotach.** **6. Włącz chłodzenie ślimaka po jego uruchomieniu od 15 obrotów na minutę.** **7. Jeżeli dopływ energii nie nastąpi po 15 minutach:** * Odkręć głowicę. * Wyjmij sito i oczyść je. * Oczyść przód cylindra. **8. Jeżeli dopływ energii nastąpi po około 30 minutach:** * Włącz maszynę do sieci. * Włącz ogrzewanie cylindra i głowicy. * Odczekaj około 10 minut, aż poszczególne strefy grzewcze osiągną zadane temperatury. * Uruchom ślimak na najmniejszych obrotach. **9. Po usunięciu tworzywa z cylindra:** * Postępuj jak opisano powyżej. **Pamiętaj:** * Nie uruchamiaj wytłaczarki przy niższych temperaturach, gdyż grozi to uszkodzeniem urządzenia. * Właściwą temperaturę wytłaczania charakteryzuje gładka powierzchnia wytłaczanego tworzywa bez porów i zgrubień. * Przy zbyt dużej płynności tworzywa i gazowaniu obniż temperatury wytłaczania w zakresie dopuszczalnym. * Chropowata powierzchnia świadczy o tym, że temperatury wytłaczania są za niskie. **Dodatkowe informacje:** * Wytłaczarkę można uruchomić, gdy poszczególne strefy grzewcze osiągną zalecane temperatury ustawione według punktu 6.15. **Uwaga:** * Instrukcja ta jest jedynie ogólnym przewodnikiem. W razie wątpliwości zapoznaj się z pełną instrukcją obsługi wytłaczarki.","Niestety, dostarczone materiały nie zawierają informacji na temat działania ogrzewania wytłaczarki.  Skontaktuj się z działem utrzymania ruchu lub zapoznaj się z instrukcją obsługi maszyny.
",1.0,The score is 1.00 because the response is perfectly relevant and doesn't contain any irrelevant information! Great job!,0.1,"The actual output indicates a lack of information regarding the operation of an extruder's heater, while the expected output provides a detailed instruction manual. The actual output provides no instruction while the expected output is very detailed, leading to a low score.",0.2727272727272727,"The contextual relevancy score is 0.27 because while the document contains relevant information on ""Grzanie wytłaczarki (Heating the extruder)"" and specific temperature settings for different extruder models like ""NXW120-24D, NXW150-24D, NXW175-24D, NXW200-24D"", much of the retrieval context concerns checks, document control, material preparation, and other aspects not directly related to how the extruder heating process works, as indicated by reasons such as ""This statement is about general checks, not specifically about how the extruder heating works.""",0.5,"The score is 0.50 because the actual output incorrectly states that the provided materials do not contain information on how the extruder heating works. However, the retrieval context indeed provides such information, leading to a contradiction and a lower faithfulness score.",1.0,The score is 1.00 because all retrieval contexts are relevant and appropriately ranked!,0.1,The actual output states that the provided materials do not contain information about the operation of the extruder heating while the retrieval context has such information.,6.819229364395142
7,co zrobić gdy wyłaczy sie podgrzewacz na linii izolacyjnej,"## Procedura postępowania w przypadku wyłączenia się podgrzewacza na linii izolacyjnej ** 1. Zidentyfikuj linię izolacyjną:** * Sprawdź, na której linii izolacyjnej doszło do wyłączenia podgrzewacza. Informacje o liniach izolacyjnych znajdziesz w dokumencie ""Zasady stosowania podgrzewacza żyły roboczej na liniach izolacyjnych"". **2. Zidentyfikuj typ podgrzewacza:** * Sprawdź, jaki typ podgrzewacza został użyty na linii izolacyjnej. Informacje o typach podgrzewaczy znajdziesz w dokumencie ""Zasady stosowania podgrzewacza żyły roboczej na liniach izolacyjnych"". **3. Zidentyfikuj przyczynę wyłączenia:** * Sprawdź, dlaczego podgrzewacz się wyłączył. Może to być spowodowane awarią zasilania, przegrzaniem lub innymi czynnikami. **4. Podejmij odpowiednie działania:** * W zależności od przyczyny wyłączenia, podejmij odpowiednie działania: * **Awaria zasilania:** Poczekaj na przywrócenie zasilania. * **Przegrzanie:** Wyłącz podgrzewacz i pozwól mu ostygnąć. * **Inne czynniki:** Skontaktuj się z serwisem technicznym. **5. Uruchom ponownie podgrzewacz:** * Po usunięciu przyczyny wyłączenia, uruchom ponownie podgrzewacz. **Dodatkowe informacje:** * W przypadku wyłączenia się podgrzewacza na linii izolacyjnej, sprawdź również, czy nie doszło do uszkodzenia żyły roboczej lub wycieku gazu. Informacje o uszkodzeniach żyły roboczej znajdziesz w dokumencie ""Krótka Lekacja - zdzieranie 10.02.2020"", a informacje o wyciekach gazu w dokumencie ""IW-3-011-1 Działanie i obsługa programu Autocure na liniach CCV"". **Uwaga:** * Niniejsza procedura jest jedynie ogólnym wytycznym. W przypadku konkretnych sytuacji, postępuj zgodnie z instrukcjami producenta podgrzewacza. Pamietaj też, żeby przejść też na program bez pogrzewacza.","1. Spróbuj ponownie włączyć podgrzewacz.
",1.0,The score is 1.00 because the response contains no irrelevant information and perfectly addresses the input!,0.2,"The actual output provides a single, very basic step, while the expected output details a comprehensive, multi-step procedure for addressing a heater failure. The actual output only offers a tiny portion of the complete answer, resulting in a significant omission of crucial information.",0.1076923076923077,"The score is 0.11 because the majority of the retrieval context is irrelevant to the input 'co zrobić gdy wyłaczy sie podgrzewacz na linii izolacyjnej', with irrelevancies such as 'W czasie przedłużającego się zaniku zasilania, znajdujący się pod ciśnieniem azot wcześniej czy później zacznie się uwalniać przez głowicę' . The retrieval context focuses on general safety and operational procedures, while the input asks specifically what to do when the preheater shuts down. The only relevant statements are those discussing the preheater and circumstances when it is deactivated, e.g., 'W przypadku gdy teleskopowa skrzynka łącząca (splice box) jest zamknięta zaś temperatury rury przekraczają 200°C wyłączeniu ulega grzanie rury i włącza się chłodzenie. Wytłaczarki również przestają działać (ale grzanie jest nadal aktywne) oraz dezaktywacji ulega urządzenie do podgrzewania wstępnego żyły roboczej (preheater).'",1.0,The score is 1.00 because the actual output aligns perfectly with the retrieval context; great job!,1.0,"The score is 1.00 because all the nodes are relevant to the input, so there's nothing to improve!",0.2,"The Actual Output provides a single step, 'Spróbuj ponownie włączyć podgrzewacz,' which is a very simplified response compared to the detailed multi-step procedure in the Expected Output. It is missing key information from the Expected Output and Retrieval Context concerning identifying the line and type of heater, potential causes for shutdown, and appropriate actions based on the cause.",6.701952695846558
8,Co zrobić gdy zerwie łączenie żył roboczych w rurach sieciujących?,"## Kroki w przypadku zerwania łączenia żył roboczych w rurach sieciujących: **1. Zatrzymanie linii:** * **Natychmiast zatrzymaj linię**, aby zapobiec dalszym uszkodzeniom. * **Postępuj zgodnie z ustalonymi zasadami bezpieczeństwa**. **2. Sprawdzenie stanu wody:** * **Sprawdź fizycznie stan wody w zbiornikach i na posadzce w kanale**. Zwróć uwagę na ilość wolnego miejsca w zbiornikach. * **Nie dopuść do przepełnienia zbiornika i wylewania wody na posadzkę**. **3. Ocena uszkodzenia:** * **Oceń charakter i rozmiar zerwania łączenia**. * **W zależności od stopnia uszkodzenia, może być konieczne wycofanie produkcji znajdującej się w rurze**, aby uniknąć jej uszkodzenia. **4. Wymiana uszkodzonej żyły roboczej:** * **Wymień uszkodzoną żyłę roboczą na nową**. * **Uważaj, aby nie uszkodzić pozostałych elementów linii**. **5. Sieciowanie kabla:** * **Po wymianie uszkodzonej żyły roboczej, przeprowadź proces sieciowania kabla**. * **W niektórych przypadkach, gdy proces sieciowania może negatywnie wpłynąć na geometrię układu izolacyjnego, stosuje się zatrzymanie bez sieciowania**. **6. Uruchomienie linii:** * **Po zakończeniu wszystkich czynności naprawczych, uruchom linię**. * **Zwróć uwagę na prawidłowe ustawienie parametrów linii**. **Dodatkowe informacje:** * **W przypadku zerwania łączenia żył roboczych, dokładnie opisz sytuację w raporcie**. * **Poinformuj o zdarzeniu przełożonego**. **Pamiętaj:** * **Powyższe informacje mają charakter ogólny i mogą nie być wystarczające w każdej sytuacji**. * **W przypadku zerwania łączenia żył roboczych, zawsze postępuj zgodnie z instrukcjami bezpieczeństwa i procedurami obowiązującymi w danym zakładzie**.","Brak informacji w dostarczonych materiałach na temat postępowania w przypadku zerwania łączenia żył roboczych w rurach sieciujących.  
",1.0,"The score is 1.00 because there are no irrelevant statements, indicating the response is perfectly relevant!",0.1,"The actual output states a lack of information on the topic, while the expected output provides detailed steps. The response fails to provide any relevant information based on the prompt.",0.08333333333333333,"The score is 0.08 because the context primarily discusses unrelated topics like power outages, Autocure program operation, cable cooling, emergency stop procedures, and material preparation, as highlighted by reasons such as ""The statement describes what happens during a power outage... It doesn't provide instructions on what to do when a working wire connection breaks in crosslinking pipes."" While the context does contain relevant information about handling broken working wires, such as ""Jeśli żyła robocza zerwie się pomiędzy zdawaczem i kołem obrotowym (capstan), należy zatrzymać zdawacz..."" and ""W przypadku, gdy pomiędzy głowicą i odciągiem napinającym nastąpi przerwanie żyły roboczej... należy bezzwłocznie zatrzymać linię..."", the overwhelming presence of irrelevant information significantly lowers the relevancy score.",1.0,"The score is 1.00 because there are no contradictions, indicating the actual output aligns perfectly with the retrieval context! Great job!",1.0,"The score is 1.00 because all retrieval contexts are relevant and ranked accordingly, leading to a perfectly precise retrieval!",0.0,"The actual output states that there is no information available in the provided materials about the query. The expected output provides several steps on how to deal with the problem, and the retrieval context contains instructions on what to do when the wire breaks; therefore, the actual output does not follow the retrieval context or the expected output.",6.656718969345093
9,Jak często należy wymieniać filtry HEPA w pomieszczeniach komór czystości?,"Zgodnie z dokumentem “IW-3-069-2 KONTROLA, CZYSZCZENIE I NADZÓR NAD UKŁADEM PRZENOSZENIA MATERIAŁU ORAZ UKŁADU CZYSZCZENI POLIETYLENU”, strona 5, filtry HEPA w pomieszczeniach komór czystości należy wymieniać co 6 miesięcy lub wcześniej, jeśli jest to wymagane. Dodatkowo instrukcja IW-3-013-4, na stronie 9, mówi, że filtry powietrza wtłaczanego do pomieszczeń czystości należy wymieniać po ukazaniu się informacji w “Raporcie przeglądu” - gdy zaświeci się żółta lampka na elewacji sterownika.","Brak informacji na temat częstotliwości wymiany filtrów HEPA w dostarczonych materiałach.  Skontaktuj się z działem utrzymania ruchu lub zapoznaj się z dokumentacją techniczną systemu wentylacji i klimatyzacji komór czystości.
",1.0,The score is 1.00 because the response is perfectly relevant and contains no irrelevant information! Great job!,0.2,"The Actual Output states that there's no information about HEPA filter replacement frequency, which contradicts the Expected Output specifying replacement intervals according to document IW-3-069-2 and instruction IW-3-013-4. The Actual Output suggests consulting maintenance or documentation, but fails to provide the correct replacement frequency.",0.13636363636363635,"The score is 0.14 because, while the context mentions HEPA filters and filter replacement, it mainly focuses on procedures and checks unrelated to the frequency of HEPA filter replacement, as stated in the irrelevancy reasons such as ""This statement is about checking the cleanliness of the room before production, not about HEPA filter replacement frequency."", despite some relevant statements like ""Filtry HEPA do oczyszczania powietrza obiegowego w komorach w pomieszczeniach komór czystości co 6 miesiecy lub wczeęniej.""",1.0,The score is 1.00 because there are no contradictions! Great job maintaining faithfulness.,1.0,The score is 1.00 because the first node in the retrieval contexts is relevant and provides the direct answer as it states 'Filtry HEPA do oczyszczania powietrza obiegowego w komorach pomieszczenia komór czystości co 6 miesiecy lub wczeęniej'. Great job!,0.2,"The actual output states that there is no information, when the retrieval context contains information about HEPA filter replacement in document IW-3-069-2 every 6 months, and in IW-3-013-4 when a yellow light is on.",6.8841941356658936
10,Kto może wykonywać naprawę zewnętrznej powłoki kabla z powłoką grafitową?,"Naprawę zewnętrznej powłoki kabla z powłoką grafitową może wykonać wyłącznie odpowiednio przeszkolony pracownik, nadzór nad naprawą sprawuje kierownik zmiany (ang. shift leader) lub inżynier procesu. Przygotowanie: upewnij się, że jesteś odpowiednio przeszkolony do wykonania tego zadania, zgłoś się do kierownika zmiany lub inżyniera procesu, aby nadzorowali naprawę. Czyszczenie: weź czystą szmatkę, zwilż szmatkę wodą, dokładnie oczyść miejsce uszkodzenia na kablu, aby usunąć brud i zanieczyszczenia. Usuwanie grafitu: weź odpowiedni rozpuszczalnik (np. denaturat), upewnij się, że nie jest on agresywny dla plastiku, z którego wykonana jest powłoka kabla, zwilż czystą szmatkę rozpuszczalnikiem, delikatnie zmywaj grafit z uszkodzonego miejsca, powtarzaj czynność kilka razy, aż grafit zostanie całkowicie usunięty, po użyciu rozpuszczalnika przetrzyj to miejsce czystą, suchą szmatką, używaj za każdym razem czystych szmatek. Nagrzewanie: weź płaskie metalowe narzędzie lub ręczne urządzenie grzewcze, ustaw temperaturę na 250°C, delikatnie podgrzewaj powłokę kabla w miejscu uszkodzenia, aż stanie się plastyczna (miękka), uwaga Nie używaj wyższej temperatury, bo możesz przypalić i uszkodzić powłokę, powinna być gładka, a nie chropowata czy popękana. Wygładzanie: rozprowadź uplastyczniony materiał równomiernie po całym naprawianym miejscu. Polerowanie: weź materiał do polerowania (np. filc), dokładnie i ostrożnie wypoleruj naprawione miejsce. Nakładanie grafitu: przygotuj grafit w formie zawiesiny wodnej (czyli grafit wymieszany z wodą), nałóż warstwę grafitu na naprawione miejsce. Suszenie: weź przenośne urządzenie grzewcze (suszarkę), wysusz nałożony grafit. BHP: przez cały czas naprawy noś rękawice ochronne, uważaj, aby grafit nie dostał się na skórę. Kontrola: po zakończeniu naprawy, inżynier procesu musi sprawdzić wykonaną pracę i dokładnie obejrzeć miejsce naprawy, inżynier użyje urządzenia ultradźwiękowego, aby zmierzyć grubość ścianki i średnicę zewnętrzną powłoki, jeśli wyniki pomiarów są złe, powłoka jest traktowana jako odpad (złom). Kontrola jakości: po sprawdzeniu przez inżyniera procesu, zanieś naprawiony kabel do Kontroli Jakości, tam zostanie wykonany test DC (prądem stałym) powłoki z grafitem.","Brak informacji w dostarczonych materiałach na temat naprawy zewnętrznej powłoki kabla z powłoką grafitową oraz kto może taką naprawę wykonywać.
",1.0,The score is 1.00 because the response is perfectly relevant and doesn't contain any irrelevant statements. Great job!,0.1,"The actual output states that there is no information about the cable repair, whereas the expected output details the process and who can perform it. The actual output completely fails to provide the answer.",0.16129032258064516,"The score is 0.16 because most of the context provides irrelevant information such as ""Druga fotografia, podpisana \""Drying with the use of a portable heating device\"" (suszenie z użyciem przenośnego urządzenia grzewczego), pokazuje suszenie nałożonej warstwy grafitu"" while only a few statements are actually related to who can perform the repair like ""Kierownicy zmian, inżynier procesu, specjalista ds. planowania, kierownik, operatorzy maszyn w dziale produkcji kabli średniego/wysokiego napięcia.""",0.5,"The score is 0.50 because the actual output contradicts the document by not mentioning the graphite layer application as part of the ""Outer Sheath Damage Repair Procedure"".",1.0,The score is 1.00 because all retrieval contexts are relevant to the input! Keep up the stellar work!,0.1,"The actual output states that there is no information on the query topic, it doesn't use information from the expected output nor the retrieval context, while both contain relevant information about the topic.",6.565454721450806
11,Co to jest glove-box?,"Glove-box to system, który służy do tego, żeby powietrze w komorze czystości było bardzo czyste. Chroni on materiał, z którego robi się izolację kabli, przed zabrudzeniem, kiedy łączy się kartony (takie jak ""octabin"") z systemem, który podaje ten materiał do maszyny wytłaczającej.","Niestety, dostarczone materiały nie zawierają informacji na temat ""glove-box"".  Skontaktuj się z przełożonym lub innym pracownikiem, który może znać odpowiedź na to pytanie. Postaram się pomóc, jeśli dostarczysz mi więcej informacji.
",1.0,The score is 1.00 because the response is perfectly relevant and doesn't contain any extraneous information. Excellent!,0.0,"The actual output states that it cannot find information about 'glove-box,' while the expected output provides a definition. This is a complete deviation.",0.027777777777777776,"The score is 0.03 because, although the retrieval context includes ""Glove-box - system służący do utrzymania bardzo wysokiej czystości powietrza oraz zapobiegający zanieczyszczeniu materiału izolacyjnego podczas wykonywania połączeń kartonów typu octabin, z układem podawania materiału na wytłaczarkę,"", which defines Glove-box in Polish (the same language as the user query), the rest of the context focuses on irrelevant aspects such as document layout, version history, responsibilities, operational checks and image descriptions, as highlighted in the reasons for irrelevancy.",0.6666666666666666,The score is 0.67 because the actual output fails to adequately mention or utilize the information about 'glove-box' that is present in the retrieval context.,1.0,"The score is 1.00 because the relevant node is ranked first, leading to a perfect score!",0.0,"The actual output failed to provide a definition for ""glove-box"" and instead stated that the provided materials did not contain the information while the retrieval context explicitly defines what a glove-box is. ",7.169520139694214
12,Jakie próbki należy pobierać do kontroli jakości na liniach CCV?,"Rozumiem, potrzebujesz instrukcji dotyczących pobierania próbek do kontroli jakości na liniach CCV zgodnie z instrukcją IW 3 010. Poniżej znajdziesz szczegółowe wytyczne: **I. Częstotliwość i miejsce pobierania próbek:** 1. **Przy każdym uruchomieniu produkcji (po ""zajazd""):** * Pobierz próbki z miejsc wskazanych w procesie technologicznym. * Cel: Sprawdzenie parametrów po ustabilizowaniu linii na prędkości produkcyjnej. 2. **Po pierwszym odcinku produkcyjnym wg planu produkcyjnego:** * Pobierz próbkę po wyprodukowaniu pierwszego odcinka. 3. **Po zmianie parametrów technologicznych:** * Pobierz próbkę po każdej zmianie parametrów (prędkość, temperatura, ciśnienie, grubość izolacji) mających wpływ na jakość żyły. 4. **Po dołączeniu nowej żyły roboczej:** * Pobierz próbkę z każdego bębna z nawijarki po dołączeniu nowej żyły roboczej. 5. **Po każdym zatrzymaniu procesu:** * Pobierz próbkę po odcięciu złomu po zatrzymaniu. 6. **Po każdej sytuacji awaryjnej:** * Pobierz próbkę po każdej awarii (np. awaria grzania rury, spadek ciśnienia azotu, wady żyły). 7. **Kable z żyłą uszczelnianą smarem i proszkiem:** * Oprócz standardowych próbek, pobierz dodatkowo: * Próbkę 1,5m z k.w. (koniec wewnętrzny). * Próbkę 1,5m z k.z. (koniec zewnętrzny). * Dotyczy każdej dołączonej żyły roboczej. **II. Rodzaje próbek i procedury:** 1. **Po zakończeniu zajazdu (przed nawinięciem na bęben):** * Pobierz 2 próbki o długości ok. 1m. * **Próbka 1:** * Zbadaj geometrię kształtu na KSM lub projektorze pomiarowym. * Okoruj odcinek 25cm z ekranu zewnętrznego. * Umieść w kąpieli silikonowej (próba czystości). * **Próbka 2:** * Opisz próbkę (zgodnie z zasadami opisu). * Zanieś do pudła na próbki izolacji. * Wykonaj pomiary samokontroli zgodnie z IW 3 012. * Zapisz wyniki w książce maszynowej. 2. **Próbki dla kabli z żyłą uszczelnianą smarem i proszkiem:** * Pobierz dodatkową próbkę 1,5m z k.w. i 1,5m z k.z. * Opisz próbki zgodnie z punktem Z1. * Zanieś do pudła na próbki izolacji. 3. **Ogólne:** * Próbka musi być pobrana i zmierzona przez operatora i laboratorium dla każdego nowego „przewodnika”. * Na każdym przewodniku muszą być wyniki pomiarów. **III. Etykietowanie i przekazywanie próbek:** 1. **Przekazywanie:** * Operator zanosi próbkę po zaraportowaniu odcinka i wydrukowaniu etykiet SAP. 2. **Etykietowanie:** * Na próbce musi być etykieta wypisana przez operatora. 3. **Rejestracja:** * Odnotuj fakt zaniesienia próbki w zeszycie przy pojemniku na próbki izolacji. **IV. Wyjątki:** 1. **Kable Wysokich Napięć, JDR, sytuacje specjalne (np. zjazd w piątek/1 zmiana):** * Próbka przekazywana niezwłocznie do kontroli jakości z etykietą operatora. * Kolejny operator pobiera próbkę z końca zewnętrznego, opisuje ją w pełni (wraz z etykietami SAP) i zanosi do pudła. 2. **Inne odstępstwa:** * Dopuszczalne po ustaleniu z Mistrzem, Technologiem lub Kierownikiem Działu. **V. Dodatkowe wytyczne:** 1. **Wady powierzchniowe:** * Powiadom mistrza w trybie pilnym. * Maksymalna długość odcinka z wadami dyskwalifikującymi: * 1km dla żył 240mm2. * 1,5km dla żył 70-185mm2. * 2km dla żył <70mm2. 2. **Kable podmorskie JDR:** * Wypełnij listę sprawdzającą (załącznik nr 1) przed uruchomieniem linii CCV. * Wypełnij listę sprawdzającą (załącznik nr 2) w trakcie produkcji dla każdego odcinka. 3. **Temperatura żyły roboczej:** * Kontroluj co najmniej 4 razy na zmianę. * Kontroluj po zwolnieniu i przyspieszeniu linii. 4. **Ciśnienie azotu:** * Porównuj wskazania manometru mechanicznego i elektronicznego (min. 4 razy na zmianę). * Rozbieżność >10% - odnotuj w książce maszynowej i powiadom mistrza. Czy możesz doprecyzować, co rozumiesz przez ""punkt Z1"" w kontekście opisu próbek dla kabli z żyłą uszczelnianą smarem.","1. Pobierz próbki kabli z linii CCV.
",1.0,"The score is 1.00 because there are no irrelevant statements, indicating the response is perfectly relevant and focused on the query.",0.2,"The actual output provides a single, vague step for taking samples, while the expected output details the frequency, location, types, procedures, labeling, exceptions, and additional guidelines, marking a significant omission and a substantial deviation from the expected information.",,Evaluation Failed,1.0,"The score is 1.00 because there are no contradictions, indicating the output aligns perfectly with the retrieval context! Keep up the great work!",1.0,The score is 1.00 because all the retrieval contexts were relevant! Great job!,0.2,"The actual output provides a basic, incomplete answer, only stating to collect cable samples from CCV lines. It omits the detailed frequency, procedures, and labeling guidelines available in the expected output and the retrieved context, specifically from instrukcja IW-3-010, which the expected output outlines.",6.80193018913269
13,Co to jest check-lista i po co się ją uzupełnia?,"Zgodnie z dokumentacją, oto instrukcje dotyczące wypełniania checklisty dla linii CCV przy produkcji kabli dla JDR: 1. **Kable ogólne dla JDR:** Przed uruchomieniem linii CCV (zgodnie z załącznikiem nr 1 do IW 3 010) należy wypełnić listę sprawdzającą. 2. **Potwierdzenie i podpis:** Sprawdzenie musi zostać potwierdzone odpowiednim wpisem i podpisane przez Mistrza lub Brygadzistę. 3. **Częstotliwość wypełniania (kable ogólne):** Listę wypełnia się raz, przed rozpoczęciem każdej partii produkcyjnej dla JDR. 4. **Kable podmorskie dla JDR:** Należy wypełnić listę sprawdzającą każdorazowo przed uruchomieniem linii CCV (patrz załącznik nr 1). 5. **Kable podmorskie dla JDR - w trakcie produkcji:** Należy wypełnić listę sprawdzającą w trakcie produkcji dla każdego odcinka (patrz załącznik nr 2). Czy możesz doprecyzować, o którą konkretnie checklistę pytasz (załącznik nr 1 czy załącznik nr 2), oraz czy chodzi o produkcję kabli ogólnych czy podmorskich dla JDR?","Brak informacji na temat check-listy w dostarczonych materiałach.  Nie mogę odpowiedzieć na to pytanie bazując jedynie na dostarczonym kontekście.
",1.0,The score is 1.00 because the response is perfectly relevant and doesn't contain any irrelevant information! Excellent!,0.2,"The actual output states a lack of information to answer the question, whereas the expected output provides specific instructions about checklists related to cable production. The actual output fails to provide any relevant information based on the expected output.",0.15151515151515152,"The score is 0.15 because while some statements mention ""checklist"", they do not explain ""what a checklist is or why it is used"" as requested by the input. The irrelevant data vastly outweighs the relevant statements.",1.0,"The score is 1.00 because there are no contradictions, indicating perfect alignment between the retrieved context and the actual output. Great job!",1.0,The score is 1.00 because the retrieval system did a fantastic job by ranking the relevant node first!,0.2,"The model output states that there's no information on check-lists in the provided materials, but the retrieval context mentions check-lists in connection with the IJ-5-050 and IW-3-010 documents. The expected output defines check-lists for CCV lines.",6.41733980178833
14,"Jakie są zasady doboru oprzyrządowania na linii CCV? Patryca, patryco-matryca, matryca","Rozumiem, potrzebujesz pomocy z doborem oprzyrządowania na linii CCV. Poniżej znajdziesz instrukcje, jak to zrobić, bazując na dostarczonych informacjach: 1. **Ogólne zasady doboru oprzyrządowania:** * Zapoznaj się z zasadami opisanymi w punkcie IV instrukcji **IW-3-010-17**. * Przygotowując oprzyrządowanie, korzystaj z notatek i danych dotyczących budowy i średnic żył roboczych oraz zapisów w karcie technologicznej. * **Zawsze zmierz żyłę przed zabudową oprzyrządowania**, aby upewnić się, że zostało ono prawidłowo dobrane. * Sprawdź kolejne pozycje planu produkcyjnego i uwzględnij możliwość przejścia na kolejną pozycję bez zatrzymania linii (np. z żyły zwykłej na uszczelnianą lub zmiany napięcia). 2. **Dobór patrycy:** * **Dla standardowych żył RMC:** * Średnica otworu patrycy: **du1** * Średnica prowadzenia patrycy: **ds1** * **ds1 = średnica linki + prześwit p** * Skorzystaj z tabeli prześwitów (p) w mm, aby dobrać odpowiednią wartość: | Prześwit (p) w mm | 0,4 | 0,5 | 0,6 | 0,7 | 0,8 | 0,8 | 1 | 1,1 | 1,2 | 1,3 | 1,4 | | ------------------ | --- | --- | --- | --- | --- | --- | --- | --- | --- | --- | --- | * **Dla żył roboczych RMS (Milliken):** * Zmierz maksymalną średnicę żyły suwmiarką po całym obwodzie. * Dobierz patrycę z tolerancją **0,5-0,8 mm** w stosunku do zmierzonej wartości. * **Dla żył owijanych (np. GTM 422 JDR):** * Podczas pomiaru suwmiarkę należy mocniej docisnąć. 3. **Uszczelnienie końcowe i podgrzewacz:** * **Uszczelnienie końcowe:** * Dobierz stożkowe uszczelki gumowe i pierścienie metalowe. * Średnica gumy: **≈ średnica kabla na zimno + 2-5mm**. Użyj **4-5 sztuk** gum. * Średnica pierścienia: **≈ średnica kabla na zimno + minimum 30mm**, uwzględniając plan produkcyjny i kolejne przekroje. * **Podgrzewacz:** * Dobierz cewkę podgrzewacza odpowiednio do średnicy żyły roboczej i dostępności cewek. * Minimalna zalecana szczelina między żyłą a cewką: **10mm**. 4. **Sita filtracyjne:** * Przygotuj siatki filtracyjne Mesh zgodnie z wymaganiami technologii oraz rozmiarem dla danej wytłaczarki. Szczegóły znajdziesz w instrukcji **IW 3 014 Instrukcja doboru siatek filtracyjnych**. 5. **Dodatkowe informacje:** * Podczas produkcji dla **JDR**, przed uruchomieniem linii, sprawdź i potwierdź wykonanie wszystkich czynności przygotowujących linię do uruchomienia, korzystając z listy kontrolnej (Załącznik nr 1 do **IW 3 010**). Czy możesz podać więcej szczegółów dotyczących konkretnej żyły roboczej (typ, wymiary) oraz planu produkcyjnego, aby doprecyzować dobór oprzyrządowania?","Niestety, dostarczone materiały nie zawierają informacji na temat zasad doboru oprzyrządowania na linii CCV, Patryca, patryco-matryca, czy matryca.  Skontaktuj się z przełożonym lub działem technicznym, aby uzyskać te informacje.
",1.0,The score is 1.00 because all the information provided is relevant to the input query!,0.1,"The actual output states it cannot find the information, while the expected output provides specific instructions for selecting equipment on the CCV line. The response does not contain any of the information provided in the expected output, which is a significant deviation.",0.16666666666666666,"The contextual relevancy score is 0.17 because while the context includes the section headers 'A. Dobór Patrycy', 'B. Dobór patryco-matrycy', and '**C. Dobór matrycy**' as well as statements like 'Doboru oprzyrządowania dokonuje się w oparciu o zasady opisane w punkcie IV. tej instrukcji.', the majority of the context describes procedures unrelated to ""zasady doboru oprzyrządowania na linii CCV? Patryca, patryco-matryca, matryca"" such as 'Następnie należy przygotować tulejki ceramiczne lub tulejki połączeniowe do łączenia żył'.",1.0,"The score is 1.00 because there are no contradictions, indicating the actual output perfectly aligns with the retrieval context! Great job!",1.0,"The score is 1.00 because the retrieval context contains only relevant nodes, indicating perfect precision! ",0.1,"The actual output states it lacks information on ""zasad doboru oprzyrządowania na linii CCV, Patryca, patryco-matryca, czy matryca"", similar to the user's question, indicating a lack of information from the retrieval context, which focuses on these very topics from ""IW-3-010"".",7.172611474990845
15,Jak łączyć żyły robocze na liniach izolacyjnych na tulejkę?,"Rozumiem, że potrzebujesz szczegółowych informacji na temat łączenia żył roboczych na tulejkę na liniach izolacyjnych CCV zgodnie z instrukcją IW 3 089. Poniżej przedstawiam szczegóły procesu: **1. Ogólne zasady i instrukcje:** * Łączenia żył roboczych wykonuje się poprzez zgrzewanie (wg instrukcji IW 3 018) lub łączenie na tulejkę (wg instrukcji IW 3 089). * Należy unikać przeginania i luzowania żył typu RM podczas przygotowania i wykonywania łączeń, aby zapobiec powstawaniu tzw. zapadnięć. **2. Metoda łączenia na tulejkę (IW 3 089):** * Celem jest wyeliminowanie możliwości luzowania się drutów zewnętrznych warstw żył roboczych. * Instrukcja IW 3 089 dotyczy wykonywania połączeń żył roboczych za pomocą zaprasowywania tulejki na liniach izolacyjnych. * Mistrz produkcji, brygadzista i technolog wydziałowy odpowiadają za kontrolę i przestrzeganie instrukcji. Operatorzy maszyn odpowiadają za przestrzeganie ustaleń zawartych w instrukcji. **3. Sposób przygotowania żyły roboczej i wykonania łączenia:** 1. Koniec żyły roboczej należy zabezpieczyć, owijając ją wzmacnianą taśmą klejącą w trzech punktach (na długości ok. 1,5 m, co ok. 0,5 m). Długości pomiędzy łączeniami zależą od skoku drutów ostatniej warstwy. 2. Następnie należy równo przeciąć żyłę na pierwszej taśmie zabezpieczającej z końca zewnętrznego. 3. Tuż przed drugą taśmą zabezpieczającą (patrząc od końca zewnętrznego) zmniejsza się średnicę żyły poprzez opiłowanie jej na odcinku ok. 20-30 cm. **4. Problemy i rozwiązania:** * W przypadku częstego powstawania tzw. ""koszy"" na łączeniu linek, można zastosować specjalne rozwiązanie (szczegóły nie podane). Sytuacja ta została sprawdzona na linii 228 podczas problemów z powstawaniem koszy na łączeniu Al 300mm2. * Łączenie to ma sens dla 20 i 30 kV, ale przy 10 kV istnieje ryzyko przerwania izolacji i wnikania wody do żyły roboczej. **5. Dodatkowe informacje:** * Dla żył roboczych RM o przekroju 800mm2, 1000mm2, 1200mm2 i napięciu 10kV, 20kV, 30kV, podczas przepuszczania łączenia należy dodać 6 obrotów na wytłaczarce izolacyjnej E2 na 2m przed łączeniem, a po przejściu łączenia ściągnąć obroty i ustawić na wartość pierwotną. * Operatorzy linii izolacyjnych CCV są zobowiązani do wycinania łączeń żyły roboczej. * W szczególnych przypadkach (brak dostępnych bębnów, krótkie naddatki żyły) można skonsultować odstępstwa od zasad z mistrzem lub technologiem. * Należy zabezpieczać łączenia ""na sznurek"" za pomocą filcu, gdy bęben z łączeniem kierowany jest do komory odgazowań. **6. Podgrzewanie żył roboczych:** * Podgrzewacz ustawiony na 40°C stosuje się dla wszystkich żył roboczych owijanych tkaniną. * Podgrzewacz ustawiony na 60°C stosuje się dla żył roboczych uszczelnianych smarem (JDR) i proszkiem (U). * Podgrzewacz ustawiony na 100°C stosuje się dla żył roboczych uszczelnianych ""sznurkami"" (UTSZ P, UTSZ MIL) i wszystkich żył roboczych nieuszczelnianych. * Podgrzewacz ustawiony na 140°C (linia 227, POW-30) stosuje się dla wszystkich żył roboczych aluminiowych, nieuszczelnianych. Czy masz jakieś dodatkowe pytania dotyczące konkretnego przekroju żyły, napięcia, czy linii produkcyjnej, na której pracujesz? To pomoże mi doprecyzować odpowiedź.","Nie mam informacji na temat łączenia żył roboczych na liniach izolacyjnych na tulejkę. Dostarcz więcej informacji lub dokumentacji.
",1.0,The score is 1.00 because the response is perfectly relevant and doesn't contain any extraneous or irrelevant information. Great job!,0.1,"The actual output states it doesn't have information on the query, whereas the expected output provides instructions on how to do it. This is a complete deviation.",0.36,"The score is 0.36 because while the retrieval context includes relevant instructions on 'Łączenie żyły roboczej na tzw. „Tulejkę”' and how to connect working wires, much of the context describes irrelevant metadata, responsibilities, preparation tasks, and actions involving *cutting* or *not cutting* wires, as opposed to *connecting* them.",0.5,"The score is 0.50 because the output claims the text doesn't discuss making connections of working conductors by crimping, while the instruction section clearly states the instruction applies to exactly that.",1.0,The score is 1.0 because all the retrieval contexts are relevant! Keep up the great work.,0.1,"The actual output states it does not have information on the question asked, and the retrieval context contains the relevant document IW-3-089-1, about łączenie żył roboczych na tzw. „Tulejkę”.",5.778035402297974
16,Jakie są zasady doboru siatek filtracyjnych na liniach CCV? Np. na linii 227,"Dobór siatek filtracyjnych na linii 227 CCV odbywa się zgodnie z poniższymi zasadami: 1. **Ogólne zasady:** * Dobór siatek filtracyjnych odbywa się w oparciu o kartę technologiczną oraz instrukcje, w tym instrukcję IW 3 014 ""Instrukcja doboru siatek filtracyjnych"". * Sprawdź siatki filtracyjne pod kątem Mesh, szerokości oczka (W) i średnicy drutu (d) za pomocą projektora pomiarowego. Upewnij się, że siatki są czyste i nieuszkodzone. * Po zamocowaniu siatek sprawdź, czy ich krawędzie na całym obwodzie znajdują się w sicie i odnotuj w książce maszynowej konfigurację użytych siatek, np. 20/80/80/20. 2. **Układ siatek filtracyjnych w zależności od typu wytłaczarki:** * Ustal, jaki typ izolacji jest wytwarzany na linii 227 (np. izolacja średnich napięć, izolacja wysokich napięć, ekran półprzewodzący spajalny, ekran półprzewodzący zdzieralny). * W zależności od typu izolacji zastosuj odpowiedni układ siatek: * **Izolacje Średnich napięć:** 4 szt. siatek: 20 / 80 / 80 / 20 mesh. * **Izolacje Wysokich napięć** (poza materiałami niskościekającymi LE 4244 i LE 4244EHV): 5 szt. siatek: 20 / 80 / 150 / 80 / 20 mesh. * **Ekrany półprzewodzące spajalne:** * Ekran żyły: 1 szt. 20 mesh. * Ekran izolacji: 1 szt. 20 mesh. * **Ekrany półprzewodzące zdzieralne:** * Ekran izolacji: 2 szt. 20 mesh. 3. **Średnice siatek filtracyjnych dla linii 227 (w mm):** * Ekran wewnętrzny: 103 mm * Izolacja: 154 mm * Ekran zewnętrzny: 103 mm 4. **Dodatkowe informacje:** * Zapoznaj się z instrukcją IW 3 017, która określa zasady postępowania i obsługi systemów oczyszczania materiału dla linii 227. * Przestrzegaj kolejności materiałów z tej samej partii, aby unikać zaburzeń w procesie wytłaczania. * Przed uruchomieniem linii dla JDR sprawdź i potwierdź wykonanie wszystkich czynności przygotowujących linię do uruchomienia przy użyciu listy kontrolnej (załącznik nr 1 do IW 3 010). Aby dobrać odpowiednie siatki filtracyjne, upewnij się, jaki konkretnie typ kabla (izolacji) jest produkowany na linii 227 (np. kabel średniego napięcia, kabel wysokiego napięcia, kabel z ekranem półprzewodzącym spajalnym, kabel z ekranem półprzewodzącym zdzieralnym). Czy produkcja dotyczy materiałów niskościekających LE 4244 i LE 4244EHV?","Brak informacji na temat zasad doboru siatek filtracyjnych na liniach CCV, w tym na linii 227, w dostarczonych materiałach.
",1.0,The score is 1.00 because the response is perfectly relevant and doesn't contain irrelevant information. Great job!,0.1,"The actual output states that there is no information about filter mesh selection rules for CCV lines, including line 227, in the provided materials, whereas the expected output provides detailed information about the selection rules for line 227, indicating a significant deviation.",0.2982456140350877,"The score is 0.30 because while the context does contain some relevant information such as ""Tabela 1: Średnice siatek filtracyjnych na poszczególne linie izolacyjne"", and information about line 227, the retrieval context also contained a lot of irrelevant information like 'This statement discusses the number of cartons allowed in the cleaning chamber of line 227/228', 'Dobór Patrycy', 'Dobór patryco-matrycy', rules for using a wire heater, etc.",0.0,"The score is 0.00 because the actual output contradicts the retrieval context by not presenting the selection and method of fixing filter screens on extruders of polyethylene crosslinking lines, concerning CCV XLPE lines, or mentioning line 227 in the context of heater usage.",1.0,"The score is 1.00 because the first node in retrieval contexts is relevant and includes key information, such as mentioning to 'dobierać w oparciu o kartę technologiczną, oraz wytyczne zawarte w tej instrukcji oraz instrukcjach powiązanych' for selecting filter meshes.",0.2,"The model states that there is a lack of information. It does not use the expected output or any part of retrieval context, which contain information about the filtration on line 227 and the type of meshes used.",5.605836391448975
17,Jakie są zasady zabudowywania uszczelnienia końcowego na linii izolacyjnej 227?,"Rozumiem, że potrzebujesz instrukcji dotyczących zabudowy uszczelnienia końcowego na liniach izolacyjnych CCV (XLPE). Oto szczegółowe kroki, które należy podjąć: 1. **Dobór uszczelek gumowych:** * Określ średnicę kabla na zimno (Ø kabla na zimno). * Dobierz uszczelki gumowe stożkowe, których średnica jest zbliżona do średnicy kabla na zimno plus 2-5mm: Ø gum ≈ Ø kabla na zimno + 2-5mm. * Użyj 4-5 sztuk uszczelek gumowych na jedno uszczelnienie. 2. **Dobór pierścieni metalowych:** * Określ średnicę kabla na zimno (Ø kabla na zimno). * Dobierz pierścienie metalowe, których średnica jest zbliżona do średnicy kabla na zimno plus minimum 30mm: Średnica pierścienia ≈ Ø kabla na zimno + minimum 30mm. * Upewnij się, że średnica pierścienia uwzględnia plan produkcyjny i kolejne przekroje kabla. 3. **Dodatkowe czynności i informacje:** * **Po każdym zatrzymaniu linii:** Wycofaj kabel z rury i pociąć na złom, uwzględniając przemieszczenie kabla w głąb rury grzewczej podczas sieciowania. * **Dobór cewki podgrzewacza:** Dobierz cewkę podgrzewacza odpowiednio do średnicy żyły roboczej. Zalecana minimalna szczelina między żyłą a cewką to 10mm. * **Rejestracja materiałów:** Przed rozpoczęciem i w trakcie procesu technologicznego wpisuj rodzaj i numer partii używanych materiałów (zarówno SAP, jak i producenta). W miarę możliwości stosuj materiały z tej samej partii. * **Produkcja dla JDR:** Przed startem linii sprawdź i potwierdź wykonanie wszystkich czynności przygotowujących linię do uruchomienia przy użyciu listy kontrolnej (wzór listy - załącznik nr 1 do IW 3 010). * **Monitoring:** Pamiętaj, że kamery monitorują stan uszczelnienia końcowego (ilość i jakość). 4. **Dokumentacja:** * Zapoznaj się z instrukcjami: * IW 3 010 - Instrukcja_zasady pracy na liniach izolacyjnych CCV.pdf * IW 3 014 - Instrukcja doboru siatek filtracyjnych. * IW 3 012 - Instrukcja Kontrola i nadzorowanie jakości wytłaczanej izolacji XLPE. * IW 3 018 - Zgrzewanie na zgrzewarkach Strecker. * IW 3 089 - Łączenie żył roboczych na tzw. „Tulejkę”. * IW 3 013 - Sposób postępowania przy wymianie i otwieraniu kartonów z materiałem izolacyjnym i półprzewodzącym w komorach czystości Linii XLPE. Czy masz jakieś pytania dotyczące konkretnej linii CCV lub typu kabla XLPE, dla którego przeprowadzasz zabudowę uszczelnienia końcowego? Podanie numeru linii oraz typu kabla pomoże mi doprecyzować instrukcje.","Brak informacji na temat zasad zabudowywania uszczelnienia końcowego na linii izolacyjnej 227 w dostarczonych materiałach.  Skontaktuj się z przełożonym lub działem technicznym, aby uzyskać szczegółowe instrukcje.
",1.0,The score is 1.00 because the response is perfectly relevant and doesn't contain any extraneous information! Excellent!,0.1,"The actual output states that there is no information on the topic, while the expected output provides instructions on the topic. Therefore, the actual output fails to answer the question.",0.041666666666666664,"The score is 0.04 because the retrieval context is largely irrelevant to the rules of final seal installation, as evidenced by statements like ""The statement 'P. Przewijanie pilota, wciąganie żyły roboczej' doesn't describe any rules of final seal installation."" and many others focusing on unrelated topics. The only relevant statement, 'Q. Zabudowa uszczelnienia końcowego i podgrzewacza: uszczelnienie końcowe zabudować przez dobranie odpowiednich stożkowych uszczelek gumowych oraz pierścieni metalowych...', while related, is not comprehensive enough to raise the relevancy score significantly.",1.0,The score is 1.00 because the output aligns perfectly with the retrieval context! Keep up the fantastic work!,1.0,"The score is 1.00 because all the retrieval contexts provided are relevant to the input, indicating perfect precision in the retrieval process.",0.6,"The actual output admits a lack of information regarding the procedures on line 227, but the retrieval context contains information on 'Q. Zabudowa uszczelnienia końcowego i podgrzewacza', which details how to assemble the end seal, including dimensions for the rubber seals and metal rings.",6.678041458129883
18,Jakie są zasady centrowania urządzenia X-ray na linii izolacyjnej 227?,"Oto instrukcje dotyczące centrowania urządzenia rentgenowskiego (X-ray) na linii izolacyjnej Nokia XLPE i CCV, bazując na dostarczonych informacjach: 1. **Przygotowanie i zasady ogólne:** * Używane modele X-Ray: X Ray 8000 oraz X Ray 8800. Pamiętaj, że instrukcja obsługi dotyczy urządzenia X Ray 8000 (IW-3-083-3). * Zawsze zaczynaj centrowanie od ekranu żyły, a następnie przejdź do centrowania izolacji. 2. **Centrowanie za pomocą śrub:** * Centrowanie odbywa się za pomocą 4 śrub opartych na elemencie dornu. * Dokręcanie śrub powoduje poruszanie się oprzyrządowania (patryca, patryco-matryca, matryca) w 2 płaszczyznach (X i Y), co umożliwia ustawienie ich względem siebie w jednej osi. 3. **Sprawdzanie danych w X-Ray:** * Upewnij się, że zadana średnica żyły roboczej pokrywa się z tym, co wskazuje X-Ray. Rozbieżność wpływa na błędne wskazywanie grubości izolacji. * Sprawdź parametr skurczu: * Kable WN (wysokiego napięcia): zakres 9%-10%. * Kable SN (średniego napięcia): zakres 10%-11%, ze wskazaniem na 11% podczas zajazdu. 4. **Korekcja grubości izolacji:** * Po sprawdzeniu fizycznej grubości z odcinka zajazdowego, możesz korygować grubość izolacji. Pamiętaj, że zbyt cienka izolacja zwiększa ryzyko zakwalifikowania odcinka jako złom. 5. **Postępowanie podczas zajazdu (błąd zdejmowania obrotów wytłaczarki 1):** * Nie zdejmuj obrotów wytłaczarki 1, sugerując się zbyt wysokimi wskazaniami grubości ekranu żyły roboczej, zanim sprawdzisz poniższe: * Sprawdź, czy wprowadzona w X-Ray zadana średnica żyły roboczej jest zgodna z pomiarem X-Ray. Jeśli nie, wprowadź wartość zmierzoną. * Sprawdź ciśnienie materiału na wytłaczarce 1 i obroty skalkulowane według programu. Ewentualnie zmniejsz obroty o około 0,5 obr/min i obserwuj zmiany. 6. **Postępowanie w przypadku niecentryczności układu izolacyjnego:** * Jeśli produkt oblepił szybki pomiarowe i pomiar jest nieadekwatny: * Skonsultuj się z mistrzem, technologiem lub kierownikiem wydziału. * W zależności od długości odcinków na gotowo, podejmij decyzję o kontynuowaniu produkcji, ale przy najbliższym możliwym przecięciu izolacji kabla, układ izolacyjny poddaj wnikliwemu sprawdzaniu geometrii żyły izolowanej. * W przypadku braku centryczności żyły roboczej w układzie izolacyjnym: * Zwiększ rotację kabla w rurze grzewczej poprzez zwiększenie stopnia zukosowania odciągów rotacyjnych. * Przelicz program na mniejsze temperatury rury grzewczej. * Wyłącz podgrzewacz indukcyjny do ogrzewania żyły roboczej. 7. **Pomiary i dokumentacja:** * Pomiary wykonuj za pomocą projektora Mitutoyo PJ A3000. * Mierz osobno każdą z 3 warstw ośrodka: ekranu żyły wewnętrznego, izolacji XLPE, ekranu izolacji zewnętrznego. Wykonuj pomiary w 6 różnych punktach rozmieszczonych symetrycznie na obwodzie próbki co ok. 60 stopni. * Wyniki pomiarów muszą być zgodne z wymaganiami zawartymi w karcie technologicznej wyrobu. * Przykładowo, dla kabla typu YHAKXS 1x120RMC/50 12/20kV: * Ekran wewnętrzny żyły: grubość minimalna 0,3mm, znamionowa 0,5mm (zalecane wytłaczanie 0,45-0,55mm). * Izolacja: grubość minimalna 5,0mm, znamionowa 5,5mm (zalecane wytłaczanie 5,55-5,7mm), niecentryczność izolacji 0,5mm. * Ekran zewnętrzny izolacji: grubość minimalna 0,3mm, maksymalna 0,6mm (zalecane wytłaczanie 0,45-0,55mm). * Średnica zewnętrzna izolacji: dla linki fi 12,5mm orientacyjna średnica zewnętrzna izolacji powinna wynosić 25,9mm +0,4mm. * Średnia z 6 pomiarów musi być większa od znamionowej. Wymiary izolacji nieznacznie się zmniejszają podczas procesu sieciowania i odgazowania (ok. 0,5%). * Zapisuj wyniki pomiarów w książce maszynowej oraz na przewodniku każdego odcinka, w tym wartość minimalną i średnią z 6 pomiarów osobno dla każdej warstwy izolacji. * Sprawdź aktualność wydania instrukcji w rejestrze ...\TPŚ\Iso\Rejestr\Rejestr\_IW.xls. 8. **Bezpieczeństwo:** *","Niestety, dostarczone materiały nie zawierają informacji na temat centrowania urządzenia X-ray na linii izolacyjnej 227.  Skontaktuj się z przełożonym lub działem technicznym, aby uzyskać szczegółowe instrukcje.
",1.0,"The score is 1.00 because there are no irrelevant statements, indicating a perfectly relevant answer!",0.1,"The actual output states that it doesn't contain information on centering the X-ray device on the 227 insulation line, while the expected output provides detailed instructions. The actual output fails to provide an answer.",0.17073170731707318,"The score is 0.17 because most of the retrieval context is irrelevant to the input, referencing aspects like 'IW-3-083-3', 'WYD.: 3', release dates, page numbers, 'Cel instrukcji', 'Grzanie wytłaczarki', 'Żyła robocza', and 'parametr skurczu'. While the context mentions 'Centrowanie i obsługa X-RAY' and 'Grubości poszczególnych warstw oraz centryczność należy monitorować przy pomocy wyświetlacza urządzenia X-RAY', it doesn't specifically detail the rules or procedure for centering device X-ray on line 227, as the input asks.",1.0,The score is 1.00 because the actual output aligns perfectly with the retrieval context! Keep up the great work!,1.0,The score is 1.00 because all retrieval contexts are relevant and there are no irrelevant nodes that would lower the score. Looks like the information we retrieved is highly precise!,0.1,"The Actual Output does not provide instructions for centering the X-ray device on insulation line 227, unlike the Expected Output which details the process. Furthermore, it fails to utilize relevant information from the Retrieval Context that describes the function of the X-Ray 8800 device on insulation lines and specific operation during start-up which directly answers the question.",6.948321580886841
19,Ile powinno trwać odpuszczanie masy czyszczącej na linii izolacyjnej 421?,"Zgodnie z instrukcją IW 3 010-17 ""Zasady pracy na liniach izolacyjnych CCV"", odpuszczanie masy czyszczącej na linii izolacyjnej 421, czyli przetłoczenie przez wytłaczarki oraz głowicę materiału termoplastycznego, niesieciującego, w celu wyczyszczenia elementów głowicy oraz wytłaczarek, powinno przebiegać następująco: 1. **Czas trwania:** Odpuszczanie masy czyszczącej trwa od 0,5h do 1,5h, w zależności od wytłaczarki. 2. **Ocena skuteczności:** Ocenę skuteczności czyszczenia podejmuje operator. 3. **Obroty wytłaczarek:** Podczas opróżniania materiału z cylindra, nie należy stosować obrotów powyżej: * 3 obr/min dla wytłaczarek izolacyjnych. * 5 obr/min dla wytłaczarek ekranowych. Instrukcja nie precyzuje typu masy czyszczącej używanej na linii izolacyjnej 421 ani rodzaju izolacji, do której jest stosowana. Aby udzielić bardziej precyzyjnej odpowiedzi, proszę o podanie następujących informacji: * Jaki typ masy czyszczącej ma być użyty na linii izolacyjnej 421? * Jaki rodzaj izolacji jest aktualnie produkowany na linii 421?","Brak informacji na temat czasu odpuszczania masy czyszczącej na linii izolacyjnej 421 w dostarczonych materiałach.
",1.0,"The score is 1.00 because there are no irrelevant statements, indicating a perfectly relevant response!",0.6,"The actual output states that there is no information about the duration of cleaning compound loosening on insulation line 421 in the provided materials. While true that the provided context doesn't contain the answer, the expected output does provide a detailed answer, indicating the actual output should have attempted to answer based on available knowledge.",0.04,"The contextual relevancy score is 0.04 because while the context does mention ""Odpuszczanie masy czyszczącej czyli przetłoczenie przez wytłaczarki oraz głowicę materiału termoplastycznego, niesieciującego, celem łatwego i sprawnego wyczyszczenia elementów głowicy oraz wytłaczarek. Proces trwa od 0,5h do 1,5h w zależności od wytłaczarki, ocenę skuteczności podejmuje Operator."", the majority of the provided context is irrelevant, discussing topics like 'cooling water and compressed air systems,' 'delivering materials to silos,' and 'control panel setup for extruders,' failing to specifically address the duration on 'line izolacyjnej 421' mentioned in the query.",1.0,"The score is 1.00 because there are no contradictions, indicating perfect alignment between the actual output and the retrieval context! Great job!",1.0,"The score is 1.00 because the retrieval context contains only relevant information, and it is ranked first, leading to perfect precision. Awesome!",1.0,"The model accurately states that the provided material does not contain information on the duration of cleaning compound release on insulation line 421, which aligns with the retrieval context. The response mirrors the expected output by admitting a lack of specific information.",6.540024042129517
20,Jakie działania należy podjąć gdy zauważę uszkodzenie kartonu z granulatem izolacyjnym?,"Rozumiem, że masz uszkodzony karton z granulatem izolacyjnym (dokument IW-3-013-4, WYD.: 4, Data wydania 31 03 2010). Oto kroki, które powinieneś podjąć zgodnie z procedurą: 1. **Kwalifikacja i Oznakowanie:** * Oznacz uszkodzony karton czerwoną etykietą. * Odsuń oznaczony karton na bok. 2. **Decyzja o dalszym postępowaniu:** * Poczekaj na decyzję technologa wydziałowego odnośnie dalszego postępowania z kartonem. 3. **Dalsza produkcja po zakwalifikowaniu przez technologa:** * Jeżeli technolog wydziałowy zakwalifikuje karton do dalszej produkcji: * Sprawdź stan worka wewnętrznego oraz wewnętrzną powierzchnię kartonu po jego otwarciu. * Jeżeli nie stwierdzisz uszkodzeń worka wewnętrznego ani kartonu, odnotuj ten fakt w książce maszynowej. 4. **Powiadomienie o uszkodzeniach wewnętrznych:** * Jeżeli stwierdzisz uszkodzenie wewnętrznej ścianki kartonu lub worka wewnętrznego, natychmiast powiadom technologa wydziałowego lub mistrza zmianowego. 5. **Dodatkowe ustalenia, których należy przestrzegać:** * **Zabrania się** używania kartonów, których opakowanie zostało uszkodzone w transporcie lub ma uszkodzenia fabryczne. * Uszkodzenia dyskwalifikujące karton należy opisać, odstawić i nie używać do produkcji. * W przypadku uszkodzeń powierzchniowych, po wystawieniu kartonu sprawdź, czy worek wewnętrzny nie został uszkodzony. Zapis o sprawdzeniu umieść w książce maszynowej. * Duże uszkodzenia opisz i pozostaw do decyzji technologowi wydziałowemu. * Pamiętaj, że nawet małe uszkodzenie może spowodować wniknięcie ciała obcego do układu podawania tworzywa. Pamiętaj, że za przestrzeganie tej procedury odpowiadają: Kierownik działu TPŚ, technolog wydziałowy, mistrz TPŚ oraz operatorzy maszyn. O wszelkich odstępstwach należy informować Mistrza Zmianowego lub Technologa Wydziałowego. Czy możesz doprecyzować, jakiego rodzaju uszkodzenie stwierdziłeś na kartonie? To pomoże technologowi wydziałowemu w podjęciu właściwej decyzji.","Brak informacji w dostarczonych materiałach na temat postępowania w przypadku uszkodzenia kartonu z granulatem izolacyjnym.  Skontaktuj się z przełożonym lub działem kontroli jakości, aby uzyskać instrukcje.
",1.0,The score is 1.00 because the response is perfectly relevant and contains no irrelevant information. Great job!,0.2,"The actual output states a lack of information regarding damaged granulate boxes, advising contact with supervisors, while the expected output provides a detailed procedure for handling such damage, including specific steps and responsible parties. The response fails to provide the requested information and does not align with the expected procedure.",0.8333333333333334,"The score is 0.83 because the context provides guidance on handling damaged insulation granulate cartons, stating actions like marking with a red label, informing the technologist, and not using damaged cartons, which aligns with the input question about actions to take when damage is observed, while other parts discuss irrelevant topics such as document versioning. ""W przypadku stwierdzenia uszkodzenia karton z tworzywem należy oznaczyć czerwoną etykietą i odstawić, decyzję o dalszym postępowaniu podejmuje technolog wydziałowy."" is a relevant statement in the retrieval context.",0.5,"The score is 0.50 because the actual output likely failed to accurately reflect the retrieval context's instructions regarding damaged cartons, specifically neglecting the need for a red label, setting it aside, the technologist's role in deciding the carton's fate, and the notification requirement for inner wall damage.",1.0,"The score is 1.00 because all the nodes in the retrieval contexts are relevant, indicating perfect precision! ",0.3,"The Actual Output does not follow the expected output, which specifically states the steps to take when a cardboard of insulation granulate is damaged, based on document IW-3-013-4. It does give generic advice. This info is in the retrieval context but not properly used.",6.38287091255188
